image1,image2,similar,elapsed
rgb.png,rgb.png,1.0,0.19794499999999982
rgb.png,desaturated.png,0.9909644196998046,0.09109100000000003
rgb.png,composite.png,0.9032667071417447,0.08135899999999996
rgb.png,resize.png,0.9907632358383213,0.08292500000000036
rgb.png,rgb.png,1.0,0.09345099999999995
rgb.png,desaturated.png,0.9909644196998046,0.06796800000000047
rgb.png,composite.png,0.9032667071417447,0.07982399999999945
rgb.png,resize.png,0.9907632358383213,0.07997799999999966
