image1,image2,similar,elapsed
rgb.png,rgb.png,1.0,0.02334499999999995
rgb.png,desaturated.png,0.9909644196998046,0.02391600000000027
rgb.png,composite.png,0.9032667071417447,0.024281999999999915
rgb.png,resize.png,0.9907632358383213,0.024563000000000557
rgb.png,rgb.png,1.0,0.023934999999999818
rgb.png,desaturated.png,0.9909644196998046,0.022999000000000436
rgb.png,composite.png,0.9032667071417447,0.02322800000000047
rgb.png,resize.png,0.9907632358383213,0.02258499999999941
