image1,image2,similar,elapsed
rgb.png,rgb.png,1.0,0.12701099999999999
rgb.png,desaturated.png,0.9909644196998046,0.08164399999999983
rgb.png,composite.png,0.9032667071417447,0.08849799999999997
rgb.png,resize.png,0.9907632358383213,0.07793699999999992
